podcast_id,content,title_podcast,category,textrank_summary,t5_summary
016df650102bc0267bff4d49014a0193,Enjoyable chemistry and entertaining film insight!,Rebel Chums,arts,Enjoyable chemistry and entertaining film insight!,Enjoyable chemistry and entertaining film insight!
03a17efdb4a8a11d64d72000a53690e1,"This is one of my favorite shows. It's clear that Jen provides a safe space for women to ask questions and better their financial situations. 

Her show is both entertaining and informative. There's also warm, genuine vibe that comes through. It makes you feel like you're in good hands. Love that you are incorporating spanish! Awesome we need more Latinx podcast:) Jen does such a great job of talking about money in a way that is relatable and doesn't feel like a lecture! So glad she decided to start this podcast and have women talking about money! Great job, Jen! I look forwarrd to Jen's podcast every week! Jen's interviews are fresh, raw and motivating. I love how she doesn't just talk to guests about practical money skills and budgeting. She gets at the heart of the matter by discussing money mindset and personal money stories. Thanks Jen for sharing your knowledge and work. I love this podcast about money from Jen Hemphill. With her warm, engaging style, she brings fantastic helpful information about money in a respectful and relatable way. I highly recommend it. Jen‚Äôs Podcast is one that has quickly made its way into my normal listening schedule. I like how she hits topics like insurance, explaining financial services and other similar topics. She gives some great information about every day finances that we all need to consider keep it simple and easy to understand. Jen, Thank you for bringing all of your amazing guests to your audience. This episode was especially really interesting for me. Dr. Wells had a wonderful money role model in her dad and the story fascinated me. Love how you asked about her challenges, money story and brought her story to life. Great job, I'm looking forward to more podcasts! There are a few shows out there that give you great content, and then others that give you a great host, but there are very few that give you the one two punch! Jennifer Hemphill brings valuable advice and a fresh perspective to Money while staying approachable and fun. Well done! Ok I'am learning so much and getting so inspired. By what I hear. I have a general knowledge of money mgmt. But this lady has guest that are practical, relatable, and still amazing. I'm so glad I found this one. I've been recommending podcasts for authors and author-hopefuls. This one isn't just for writers (or really just for females either) but figuring out the money-making side of things can keep many of us (writers and women) locked into choosing between having time or $. Enter Jen Hemphilll's approachable podcast which helps to demystify the whole leveling up thing to help us break through to financial freedom, security, and Independence. Jen‚Äôs podcast is so great because it‚Äôs REAL. She doesn‚Äôt beat around the bush with money topics - but she also keeps the conversation light and fun. Listen in if you‚Äôre looking for some real, relatable, and fun money advice! I really enjoy this podcast. As someone who is finally beginning to take control of her finances, I really appreciate the good information presented in this podcast. It's informative but not intimidating at all. I really enjoy the interesting people she interviews, as well. Keep up the great work! Love Jen‚Äôs guests and questions. She is inspiring, challenging and the perfect find for the new year! I love financial education. And I love quality financial education sources even more. This is one of those sources. Thanks Jen for all your hard work. I love that Jen gets right to the heart of what really matters when it comes to money... no fluff- just Real. Actionable. Advice! Jen is such an important voice in the sisterhood of women who are supporting other women to rise up and take control of our money. She‚Äôs relatable and compassionate, and takes great care to create a show that‚Äôs full of good technical content as well as encouraging content about how women can manage the emotions that come along with money. As a fellow podcaster, I really respect what Jen is doing and you won‚Äôt be disappointed with this show! Thank you, Jen, for giving me hope in a dark time.  You are an angel. This show is empowering and full of incredible content! No one is going to care more about your money than you will and Jen really gives great tips and insight to help us do just that! Love this podcast! Jen has the ability to make you feel like she‚Äôs your real life friend who just happens to be a money professional. I really enjoy this podcast and Jen‚Äôs take on money matters. The interviews so far have been great as well, I look forward to the future guests! With all of the different podcasts available today, very few of them stand out as exceptional. If you want to hear one which is truly worth every minute of your time, subscribe to Jen‚Äôs. Lots of great tips. Well put together. The HMM podcast is a straightforward money/finances/budgeting show with a special twist to focus on moms who are taking care of their families and their businesses.  Jennifer Hemphill is such a warm, friendly and likeable host.  She can take the sticky money matters and lessen the uneasiness that some of us feel about our talking about our finances! So glad I found this podcast!!! I need all the help I can get when it comes to finance and Jen does an amazing job talking about it in a way that I can understand.  She is really fun to listen too! Can't wait for more episodes!!! Jen is a great host and the content is golden! Thanks for sharing so much value. Can't wait to see what's coming up on future episodes. Don't listen to this show unless you're ready to get motivated to improve your financial life. Jen's a master of her money and so relatable in her style and interviews of guests. Such a great show! I've just started listening and the one thing that grabbed me right away was Jen's authentic voice. You can tell she really wants to help us all get a handle on our money and get the most out of life. Keep up the good work, Jen! You are making a difference! And happy anniversary! I love your show and really enjoyed your interview with Ilean Harris. I found myself reflecting on the points Ilean made about investing in yourself and that by envisioning the lifestyle we want, we aren't a slave to money ‚Äì rather, it becomes a tool for us to use to enjoy what we love in life. I really like listening to Her Money Matters for the interviews, as well as your personal takeaway at the end of each episode. Keep up the awesome work! Jen is a warm and knowledgeable host. Her podcast is motivating and fun to listen to! Jennifer is a great speaker and provides awesome advice for any gal wanting to make savings x Jen does a great job at interviewing her guests and sharing financial information that will help people on their path to financial success! They don't teach you this stuff in school, so Jen's podcast is critical for empowering women to become money advocates for themselves and take ownership of their financial situation. Don't go at it alone. Use Her Money Matters to help you move your financial life forward! Jen and her guests share actionable and inspiring lessons on how to confidently manage your finances.

Highly recommend listening and subscribing to Her Money Matters if you want the knowledge AND mindsets to build a healthier relationship with your money (and inch closer towards financial freedom as a result)! As a single woman, with no support system when it comes to finances, I am finding your podcasts very helpful and informative as they address women's relationship with money, our attitudes, struggles and fears toward it. This is making a difference. Thank you. This podcast is basically one long commercial for her paid program.  She interviews people who claimed to have gone through the training and asks them a bunch of questions that are pretty much, ""Why should everyone do this program?""  There is NO content, no information.  And it is sooo boring. Save your time and enjoy other podcasts: Hermoney with Jean Chatsky, Listen Money Matters, or even Stacking Benjamins.  At least you will be entertained, and will pick up some good advice as well. Jen does a great job helping people get motivated and be sensible with their money. She shares great ideas that can make you smarter with budgeting and being confident about money. Thank you, Jen, for all you do for us women and for your exciting new book! I highly recommend it! Could be His Money Matters too because some great advice that transcends the sexes. Started listening  to it recently and now my wife is hooked as well. I love the podcast that Jen has put together and am very excited for ladies to get their hands on it.  Jen‚Äôs approach to confidence in finances WILL change the way you think about money, and set you up for the financial freedom you‚Äôve always wanted.  Love the new show Jen! Very glad I came across you and your podcasts! Loved you getting to know the real you from your first podcast.
I definitely feel the guilt and feeling overwhelmed when it comes to ""money talk"".  I would love to see more podcasts about creating a budget.  I have created a budget in the past but only been able to stick to it for a couple months and then because it wasn't a very quick and simple system I got busy with life and stop focusing on it. Help! I came accross Jen's podcast a few months back after being connected through a Facebook group we are both part of. I am one of those people completely obsessed with personal finance topics as well as general ""money matters"" but I am very selective with the kind of content I read and listen to. After all, time is limited! This is one of those shows I'd highly recommend. Jenn is super fun and transparent in all of her episodes. She also has guest that offer tons of value to the listener while also offering practical steps to improve finances. I love that she has her own episodes in addition to bringing on guests. All in all, great content. Keep up the great work! Una mujer emprendedora y con un sentido del humor igual que el m√≠o! Escucho el podcast y siento como estuviera en una charla con una amiga! Mil gracias por tus ense√±anzas ! y m√°s orgulloso me da es que eres colombiana al igual que yo ! Jen does a great job at bring on guest to share their money story. If you think your alone when it comes to your money and pursuing financial security, you're not. This podcast will give you the confidence to help you pursue your money goals. Love this podcast and the rebrand. The graphics are sharp. I look forward to listening when the new season launches. Jen is a great host, teacher, and invites fab guests. I found this podcast in October of 2018, due to some circumstances beyond our control our financial life was a shambles. I had no idea where to start. I began listening, took advantage of the free resources that was offered and applying what seemed to fit our situation. It worked. I highly recommend Jen Hemphill and Her Dinero Matters if you are looking for content regarding how to manage personal finance geared towards women and growing financial confidence.",Her Money Matters,education-how-to,No one is going to care more about your money than you will and Jen really gives great tips and insight to help us do just that! I love that Jen gets right to the heart of what really matters when it comes to money... I really enjoy this podcast and Jen‚Äôs take on money matters.,"Jen's show is both entertaining and informative . there's also warm, genuine vibe that comes through ."
05e74ae86b75256deabe004cf7267b0b,"4 minutes in and he‚Äôs still talking about his sponsor You talk too fast. I‚Äôm four minutes in and I‚Äôve heard two commercials and about His animals nothing that‚Äôs motivated me at all matter fact I‚Äôm turning it off. I find the speaker pompous and arrogant, and it seems like he just likes to hear himself talk. I listened to a few of the podcasts and kept hoping it would get better but I didn't find it at all inspirational or motivational or even that interesting. Smith talks about himself like he's awesome (""I'm a really interesting guy"") and it's kind of tedious and repetative. I get a lot more out of podcasts like Inspire Nation or Fire it Up with CJ Liu. Just started listening to Scott today and after a few episodes I am hooked. Very simple approach. I am a small business owner and this is exactly what I need to start my day. Thanks. I‚Äôm a free spirited, laid back person who can sometimes be mistaken for lazy, which I am not. But my laid back personality can sometimes get in the way of getting things done. This podcast has helped me to get my day started on the right path so I can have the motivational push I need to stay on track with my goals. 
My favorite thing about the podcast is that it is only 3 minutes long. Advice is given in well-thought, succinct quips that pack a quick punch to your brain. 
Only slight irritation that I let pass because I can understand the why, is that it takes about 3 minutes to get through the ads to get the quick nuggets of advice. But I don‚Äôt mind, I‚Äôm sure it is his way of funding the podcast to make it happen. I listened to your shows for a full year when they were daily, and stopped when my boyfriend died. When I came back you did one episode a week and the first one I watched you were talking about how lazy and incompetent millennials are. I'm so sick of old people thinking we're stupid and unjustifiably bashing our generation. You have great insight and I enjoy listen to your advise. BUT I need you to stop rambling for 5 minutes about the sponsorships, let‚Äôs get to it! If you do enjoy advertising them, let‚Äôs make your podcast a little longer to make up for what went off tangent on :) Half the podcast is a ad. Thanks for the boost! 60% of the podcasts are unsubtle ads! I enjoy this podcast series. He gives me motivation and new ideas on how to take care of my life and be positive. The Daily Boost is nothing more than a boost to the host's own ego. 

Every episode is the same. He spends several minutes touting how long he's been doing podcasts, how many downloads he has, then he promotes his product (a tired, beaten down service that sends you fluffy reminders to do simple things for an exorbitant price), proceeds to  admonish you for not buying his service, continues by reminding  you the true ""secrets of success"" are behind his paywall, and then accuses you of being incompetent if you don't buy into his program. 

This guy gives the Scientologists a run for their money in terms of self aggrandizement and aggressive marketing. 

Give YOURSELF a ""Boost"" - don't waste 10 minutes of your life listening to this guy. You'll walk away feeling worse than you did before. This guy is promoting himself. He sounds like a used car lot commercial. Great podcast! This show was great before. Half of the shows now are sponsor ads and for his business. I know promotion for your product is important for growth but at least add more substance. I have found a new podcast called BREATHE Motivation that is daily and has been a lot more substance and doesn't have the sponsor feel and is geared towards daily success. Unfortunately- very little here. Certainly nothing new. When you finally get past the ads and listen to what‚Äôs actually said it hardly seems worth the effort. Literally a waste of my time listening to this full of ads and very little useful information Lots of ads, and he mostly just talks about himself the whole time. I‚Äôll give anything a chance or just once. In this case I listened to two different episodes approximately 12 minutes long each. The first four minutes are for ads and the last minute or two is for self-promotion. One star & unsubscribe. Wish the ads/promotions for companies that sponsor the podcast weren't so long - seems like a big advertising listen which you have to skip over to get to the title topic. But overall, very informative podcast and great topics that are covered. Seems like a 10min advertisement I have head you in my ears on and off for a few years now and every time I start feeling trapped in life I put you on and it doesn‚Äôt take me much time to figure out the right path. When I forget ‚Äúmy way‚Äù you remind me how to get it back. Your so down to earth and almost every time I put you on it feels like your talking right to me. I love it cause it‚Äôs that kick in the butt that I need to keep me in my goals! First 3 minutes wasted talking about dog treats and the rest of the time very annoying background music üëéüèΩüëéüèΩ Love starting my week listening to this very motivating podcast ! Some episodes hit home harder than others but each episodes teaches me something ! Half of the podcast seems like ads. I love these podcasts and they help so much. BUT, for the first 2-3 minutes (sometimes even longer) all is talked about is sponsors and products. Just hearing that gives me anxiety..we are being sold everything all the time. Please make these podcasts more about the subject and not the revenue..I know ads are your way to make money but it‚Äôs too much. It is making me want to stop listening..:( I decided to give this podcast a try so I listened to the August 21st episode. In a 9 minute podcast he spent the first 3:45 minutes talking about his other programs and advertising himself and the last 20 seconds doing the same. If you‚Äôre going to make a 9 minute podcast, don‚Äôt put in 4 minutes of self promotion, especially at the beginning. The actual content was ok. Definitely not worth waiting through all the self-advertising at the beginning though. 5 minute long spiel on how this accounting software changes lives, no thanks. I started listening to one of the episodes that is ~9 minutes long and I only made it to 3.5 mins then I had to turn it off.   All I heard were ads! A third of your episode is ads!? Ridiculous.  Way too greedy.  I won‚Äôt listen to another episode. Thanks for all the great advice Scott The old content was better before he restructured it. It‚Äôs mostly just filler talk now, sadly. I‚Äôve only listened to a few. Wow. This podcast isn‚Äôt very long, but too many minutes are devoted to advertising at the beginning. Today‚Äôs episode is 10 minutes. There was idle chatter and nonsense for 4.5 minutes before the content began. One of the most annoying podcasts in life. I‚Äôve never unsubbed so quickly. My one & only 9 minutes daily podcast for the past 4 years ! I downloaded a few podcasts on meditation, positivity, and mindfulness. This has been the worst one I've listened to yet. I downloaded 3 episodes and listened to two and had to delete them. Guy comes across so smarmy. I can't listen to his voice and way of talking. It irritates me. The advice he gives too just seems like the most obvious, run-of-the-mill stuff you can see on any greeting card from hallmark. Let me start by saying this is the first review I have ever made on a podcast. The Daily Boost is the very first podcast I had EVER listened to and it is the reason I even started listening to podcast in the first place.

I used to love this podcast so much, he was like father you never had in the movies, the one that you randomly come across in the park one day and realize he has a vast amount of knowledge. So, you spend every Tuesday afternoon frantically racing to that green bench in the park so he can drop some insightful knowledge that will revamp your entire week, giving you the sense that life is going to be okay and it‚Äôs not as hard as you think because you have a fair amount of control over your hopes, flaws, dreams, and aspirations. 

About a year ago, I played an episode for my spouse and it was completely out of the norm (I.e. not so good), I gave a nervous laugh (üòÖ) and started fast forwarding before eventually turning it off and saying ‚ÄúUm, don‚Äôt judge that one, maybe he is just having an off day.‚Äù I‚Äôll play it again somedayüëÄ. 

Today however, I was completely embarrassed playing his ‚ÄúOne Question Stops Procrastination‚Äù from November 12, 2018.  What was said in this episode was completely unattractive, it was absolute NONSENSE. He should be ashamed of himself for finding amusement in this bad advice, bad approach, and his pompous (arrogant) behavior. I hope he listens to this podcast again and reevaluates his reasoning behind be putting this type of content out. I don‚Äôt mean to sound whiny or sensitive, that‚Äôs not my intention. People trust him, I trusted him (which is shocking), people confide in him about seriously debilitating mental health issues and more. He is losing credibility, a loyal fan base, and himself.

It was mortifying to see how my spouse looked at me for recommending ‚Äúan amazing podcast that could touch the soul of anyone who listened.‚Äù This is bad, really bad. It‚Äôs like there is a whole new person impersonating a man without that doesn‚Äôt have one arrogant bone in his body. A man you could literally confide in about anything.

November 12, 2018-‚ÄúOn Question Stops Procrastination‚Äù is a 14 minute podcast. 7 out of those 14 minutes was dedicated to commercials and advertising. I remember hearing a podcast from long ago where he talked about not liking that advertisements were everywhere and that‚Äôs not how he operates. What is he doing? Why? 7 minutes of commercials/ads out of a 14 minute podcast is not only insane, but honestly in unacceptable. 

Read the reviews, everyone is saying the same thing! This change wasn‚Äôt for the better. Tried listening. 11 minutes of a podcast. 8 of those seemed like ads. Meh. Very motivational and wakes me up in the morning mentally and physically. I look forward to hearing Scott each morning. This boost works for me and I find myself much more hopeful in the morning. Plus, love being able to support another person from Florida! I thought this would be right up my alley from reading other reviews. However, most of the episodes are half advertisements. Who wants to sit, or scroll, through 4 minutes of adds in an 8 minute podcast? Too much advertising I‚Äôm sorry, I usually don‚Äôt write reviews at all but all we as listeners have to go on is your voice. The baby talk she did in this one episode I tried listening too made me cringe. Consider it constructive criticism! This man right here!!!! Helped me dig back out what I always knew was there! Broke out of my comfort zone, pushed myself, set goals, didn‚Äôt give up and accomplished a goal that has been 6 years in the making! Thank you This guy sounds like he‚Äôs on crack, and has one of the most annoying voices. His podcasts are only 6 minutes long, (4mins are literally him promoting something). Scott Smith is funny, genuine, and creative. God knows how many people he has helped over the 10++ years he's been doing the Daily Boost, but he has created a dynamite legacy and endlessly works to help you create yours. This is such an abhorrent podcast. Not only is half of the podcast trivial underwriter promotions, but it also contains 0% useful knowledge. I come here to be motivated; hackneyed bromides don‚Äôt get the job done whatsover! Fix it or leave it bro I'd like to judge this podcast based on its content , unfortunately i wasnt able to get muh of the actual podcast.  I downloaded a 12 minute episode to find the first 4 minutes of the episode was taken up by two diferent commcerials for the same service.  I undersand that this is a free podcast and they need to keep the lights on but when a third of the epsiode is spent selling the same item I just cant imagine how much substance will be worth the wait. He takes way too long to get to the point. A good premise for the show, but as it is 50% advertising - this is not a productive way to self-motivate. I have been listening to this podcast daily for 6 months now. I‚Äôm enjoying hearing positive encouragement which has helped me keep going daily & believe in myself as I am making my new life. I understand needing quick advertisements at the beginning, middle, and end of a podcast - but more than half of it was a commercial! Waste of time if you want real content For over 6 years, I have loved starting my day listening to this podcast as I pull out of my driveway. The perfect jolt of humor, clarity and orientation to get me in the zone. 
Sadly, it is only Monday now. The premium subscription comes with way more than I am looking for and you have to pay accordingly.
It would be perfect if there was a way to just get the podcast without paying for everything else. Boringüò¥ Complete waste of time unless Apple podcast makes a ‚Äúskip forward 7 minutes‚Äù button to get through the majority of these episodes that are completely filled with ads. Half of an entire episode can be dedicated to advertisements. When an episode is typically only about 11 or 12 minutes long, that‚Äôs not really a substantial amount of useful information.",The Daily Boost | Daily Coaching and Motivation,health-fitness,"The Daily Boost is the very first podcast I had EVER listened to and it is the reason I even started listening to podcast in the first place. I started listening to one of the episodes that is ~9 minutes long and I only made it to 3.5 mins then I had to turn it off. I used to love this podcast so much, he was like father you never had in the movies, the one that you randomly come across in the park one day and realize he has a vast amount of knowledge.",Smith talks about himself like he's awesome and it's kind of tedious and repetative . he is a small business owner and this is exactly what he does .
075f6f849160978e343aace2964168b8,:),Hear It Now (retired),government,,:) . : :
11d364b5fdd609f596efa9b64fcdffc7,"Emily and Kimzilla give in-depth and entertaining look into many fascinating off beat topics. The conversations are fun, and the listener often walks away having learned some interesting insights into the weird world around us. From pigeon keepers to alien abductees, every week brings new discussions, broadcast from the legendary WFMU. Topics could be a little more exciting but love the male input . Raf adds a refreshing aspect to the show with the 2 ladies. Please add more topics and keep up the good work!!!! One of my favorite insightful podcasts around. Kimzilla and Emily introduce you to REAL people - everyday people - the you and me kind of people. Rate 7/5 stars. In the interest of full disclosure, I must say that little old me was interviewed for In Real Life. BUT long before that i have been a frequent listener on WFMU -- and the podcast makes it that much easier to tune in. I love their often oddball mix of subjects, which Kimzilla and Emily present with curiosity, charm, and compassion, revealing the humanity in everyone. I learn a lot and I always smile! The joy of IRLWFMU, in contrast to a world retreating into it's far corners and embracing obstructed worldviews, is the giddy, albeit at times at odds with their own admitted preconceptions, dive into whatever unanticipated human commonality they might find in even the most extreme of their fellow human's diversions. Silly as they are smart, sincere as they are sarcastic, what they never lack for is curiosity which makes for a consistently unpredictable listen.",In Real Life with Emily and Kimzilla | WFMU,society-culture,"I love their often oddball mix of subjects, which Kimzilla and Emily present with curiosity, charm, and compassion, revealing the humanity in everyone. The joy of IRLWFMU, in contrast to a world retreating into it's far corners and embracing obstructed worldviews, is the giddy, albeit at times at odds with their own admitted preconceptions, dive into whatever unanticipated human commonality they might find in even the most extreme of their fellow human's diversions. The conversations are fun, and the listener often walks away having learned some interesting insights into the weird world around us.","each week brings new discussions, broadcast from the legendary WFMU . pigeon keepers and alien abductees are topics of interest ."
1e46aafcd91e6e46b1af9932776a002d,"This show has a great mix of music with fun topics being discussed every episode. Hank is great, and so are all of his cohosts. Overall just a great podcast to have on while you work, drive, workout, notworkout, stand, or lounge. Just a great anytime podcast This show is great to take a break from the caustic media and toxic talking heads out there!  Thoroughly engaging while allowing the listener to just enjoy the tales of the host and his gaggle of goofball friends.   It‚Äôs one of those rare gems that is perfect for treadmill, cooking, or drive time listening. I‚Äôve known Hank for close to 20 years. He‚Äôs an articulate and well-thought out dude. I haven‚Äôt had the chance to listen to his show for an extended period of time, but he‚Äôs following his dreams and that‚Äôs a good thing <DDP voice>. Give his show a listen, well worth it! Great show. Can't be mad at anything while this is on. Whether you have it on at the office, driving to/from work, or just doing chores at your place, ""All Of The Above Radio"" is a perfect blend of honest banter, great guests, and fantastic indy/alternative music!",All of the Above radio,society-culture,"Whether you have it on at the office, driving to/from work, or just doing chores at your place, ""All Of The Above Radio"" is a perfect blend of honest banter, great guests, and fantastic indy/alternative music! I haven‚Äôt had the chance to listen to his show for an extended period of time, but he‚Äôs following his dreams and that‚Äôs a good thing <DDP voice>. Just a great anytime podcast This show is great to take a break from the caustic media and toxic talking heads out there!",Hank is an articulate and well-thought out dude . he's following his dreams and that's a good thing DDP voice> .
286898691d0495a5875ea48852210662,A dose perfeita entre an√°lise do esporte e groselha. Muito acess√≠vel aos que pouco conhecem e est√£o buscando ampliar o conhecimento. Parab√©ns Curti e Miceli! Melhor Podcast de FA! Por um podcast s√≥ de groselha Melhor podcast de FA! Informa√ß√£o de forma leve. Grande programa. Muito Obrigado Curti e Miceli por nos proverem esse excelente conte√∫do da NFL! √â muito bom poder estar por dentro de todas as not√≠cias e dos confrontos com as melhores an√°lises. Podcast Excelente! Precisamos de mais podcasts sobre FA. A iniciativa √© excelente! Ouvir podcast do Profootball √© a melhor e mais divertida forma de estar por dentro da NFL! Opini√µes s√©rias e engra√ßadas e inegavelmente verdadeiras! Uma narrativa para qualquer um que goste de rir e aprender ao mesmo tempo! Animado e t√©cnico sem ser chato. Parab√©ns pelo programa.,NFL no ProFootballcast com Antony Curti e Eduardo Miceli,sports-football,Por um podcast s√≥ de groselha Melhor podcast de FA! Ouvir podcast do Profootball √© a melhor e mais divertida forma de estar por dentro da NFL! Melhor Podcast de FA!,muito acessvel aos que pouco conhecem e esto buscando ampliar o conhecimento. Parab√©ns Curti e Miceli por nos proverem esse excelente conte
3b2c15c22e8624fdc2abfdf82b9a7065,"Es un excelente lider y su forma de explicar todo es bin entendible, estoy aprendiendo mucho los recomiendo , y anota todo lo q te dice, yo lo estoy haciendo y mi vida esta cambiando. Muy interesante,  me gusta el entusiasmo,  informacion de calidad!! Estelar herramienta de desarrollo y crecimiento personal y empresarial. Sabes ense√±ar con el ejemplo. Es un aprendizaje continuo muy necesario en estos tiempos.",Maximiza Tu Negocio en Redes de Mercadeo,business,"Muy interesante,  me gusta el entusiasmo,  informacion de calidad!! Es un aprendizaje continuo muy necesario en estos tiempos. Es un excelente lider y su forma de explicar todo es bin entendible, estoy aprendiendo mucho los recomiendo , y anota todo lo q te dice, yo lo estoy haciendo y mi vida esta cambiando.",es un excelente lider y su forma de explicar todo . estoy aprendiendo mucho los
504f19a217bf87dc6cbe575181fdbadb,"Muy profesional. Excelente sus explicaciones, lo escucho cuando trabajo y me ayuda mucho gracias.",Inglestotal : Cursos y clases gratis de Ingles,education,"Excelente sus explicaciones, lo escucho cuando trabajo y me ayuda mucho gracias.",escucho cuando trab
61ac30dcdced11db0c3454d9881efbf7,"Awesome advice, love the content! Keep up the good work. The king of the Fantasy world!!! With a whole new dimension to open up your horizons and explore different angles into the future that has set by example to broaden everyone‚Äôs expectations, that will exercise your mind into building new revolution into the universe! These guys bring it every episode,and been grinding all winter  to shine all summer. This is a complete show that will give you the complete breakdown to put you over the edge to help you win Championships!!! I‚Äôm an addicted listener that simply can‚Äôt get enough of there raw talents....@wilson27 From the analysis of players to the different view points of players - every take is backed up by some fact. Will do nothing but make you think If you like fantasy and need advice, listen here! Great tips to win in your league! Been listening since you guys released and I just want to say, I haven‚Äôt heard another podcast break down statistics and analytics like you do! The king of the Fantasy world!!! The 1.01 of all podcast, With a whole new dimension to open up your horizons and explore different angles into the future that has set by example to broaden everyone‚Äôs expectations, that will exercise your mind into building new revolution into the universe! These guys bring it every episode,and been grinding all winter  to shine all summer. This is a complete show that will give you the complete breakdown to put you over the edge to help you win Championships!!!üèÜI‚Äôm an addicted listener that simply can‚Äôt get enough of there raw talents....Hit that subscribe button. @wilson27 I‚Äôve been listening to this podcast ever since my friend introduced me to them. And  this is literally the best show you can listen to, to get your fantasy advice and get all the information on your sleepers. In depth detail on the pre season players and players that needs to be in your team during draft day..they have it all. I‚Äôm in love with their show. Please keep on blessing us with this podcast!",Draft Room Podcast,,"And  this is literally the best show you can listen to, to get your fantasy advice and get all the information on your sleepers. The 1.01 of all podcast, With a whole new dimension to open up your horizons and explore different angles into the future that has set by example to broaden everyone‚Äôs expectations, that will exercise your mind into building new revolution into the universe! This is a complete show that will give you the complete breakdown to put you over the edge to help you win Championships!!!üèÜI‚Äôm an addicted listener that simply can‚Äôt get enough of there raw talents....Hit that subscribe button.","this is a complete show that will give you the complete breakdown to put you over the edge to help you win championships . if you like fantasy and need advice, listen here!"
71a1c7ef374ce63415ba2b3968fe711f,"Thank you for this podcast! I am so happy after trying almost a year to hear someone talk about infertility like a real person, swear words and all! I love your style and your wit. You have a great way of making me feel like I am not alone and my impatience is warranted. I so appreciate the occasional cuss word because I finally feel like someone out there gets it! Thank you! Love this podcast! Robyn has such a calming and reassuring voice. I love listening to her and she has some great useful information. Fertility struggles are hard and it's always good hearing you're not alone. Love this podcast! I found Robyn‚Äôs podcast probably around a year and a half ago and I‚Äôm also taking her Fertility Warriors Intensive course and she is so knowledgeable, helpful, loving and truly cares about your wellbeing. It‚Äôs nice to have someone who understands that‚Äôs on your side and can be your voice of reason who pulls you back from those dark places we let our minds wander to. Love you Robyn, thank you for all you do! üíïüíï This podcast is awesome!! Makes me feel not so alone. Thanks Robyn!! Very helpful and positive. Thank you! I listened to 3 podcasts on my hour walk today and it helped me keep moving and stay focused. New subscriber here! This podcast is just what I needed while going thru fertility treatment, it‚Äôs so great to feel like I‚Äôm not alone. Thank you! Straight talk - just what‚Äôs needed during these hard times.",The Fertility Warriors Podcast: Helping women survive infertility and trying to conceive,health-fitness-alternative-health,"This podcast is just what I needed while going thru fertility treatment, it‚Äôs so great to feel like I‚Äôm not alone. You have a great way of making me feel like I am not alone and my impatience is warranted. I found Robyn‚Äôs podcast probably around a year and a half ago and I‚Äôm also taking her Fertility Warriors Intensive course and she is so knowledgeable, helpful, loving and truly cares about your wellbeing.",I love your style and your wit. you have a great way of making me feel like I am not alone and my impatience is warranted . I love listening to her and she has great useful information .
71f1096d3f171622e12da15928bdef6b,"This podcast is really unique because we are able to see what life is like living in NYC, having a twin, being in college, etc. They make it seem as if you‚Äôre having a discussion with them and seem like generally welcoming and warm people. Also, their viewpoints on life are fascinating, making for a great podcast. Definitely worth listening. This is so great!! I am hooked... I‚Äôm looking forward to learning more about these two. Their perspectives are intriguing.",Twin Talk with the King Twins,arts,"This podcast is really unique because we are able to see what life is like living in NYC, having a twin, being in college, etc. Also, their viewpoints on life are fascinating, making for a great podcast. This is so great!!","this podcast is really unique because we are able to see what life is like living in NYC, having a twin, being in college, etc. they make it seem as if you"
82ef777c1b473e80ad204bd3855d094c,"I've been waiting for a good admissions/enrollment management podcast for years! This one does not disappoint Brad Weiner is my spirit animal. Brilliant, funny, and acerbic. Best of all worlds. Interesting topics and guests, thoughtful presentation of data in the EM space, and quality beer choices. Seems like a good recipe for a podcast and really enjoying it so far. I love Thom and Brad's humor. The topics are insightful, informing, and intriguing. There aren't a lot of higher ed/enrollment management podcasts and this is definitely a good one. Despite not knowing a ton about data science, I find The Weightlist to be informative and fun throughout every episode that I have the pleasure of listening to! Highly recommend!! I treat this podcast like a mini professional development session when I listen. It is to the point, practical, and interesting. Already taken one good beer recommendation from it too. Great podcast!  As an enrollment management professional I appreciate the hosts' insight and humor into topics that directly affect me. Can't wait for more episodes!",The Weightlist Podcast,,"There aren't a lot of higher ed/enrollment management podcasts and this is definitely a good one. It is to the point, practical, and interesting. Interesting topics and guests, thoughtful presentation of data in the EM space, and quality beer choices.","this one does not disappoint Brad Weiner is my spirit animal . interesting topics and guests, thoughtful presentation of data in the EM space, and quality beer choices."
836e13009dd87199b56494d8f2e38243,"If you got into crypto at the top of the top (LIKE I DID) then lament no more...alone.  I mean, keep lametning because this market is a mess, but these folks not only let you know that you're not the only rekt soul still here... they also introduce you to some folks that can actually give you the tools to stop the bleeding and JUST MAYBE develop the proper skills to turn your game around.  Give them a listen, they are a ton of fun! Love the show! You all have a great chemistry together that just works! Keep up the great work! Need I say more? Keep up the good work. Two virgins, reading Cointelegraph word by word in moms basement. Wew. Awful. Simply awful. Women shouldn‚Äôt be allowed to speak This podcast is great. They talk crypto and pressure you every episode into writing a review for their podcast. Here it is! Good topics, great hosts, Chambers sound bites are amazing and they always have interesting guest! @Back2Crypto Light and funny. 

Easy to listen to and Chamber and Bunchu are hilarious. Great cryptocurrency insight and content. To have all three opinions offered on a single podcast is great. I‚Äôm learning that blockchaintech and crypto investing and its successor is a long game and to factor in everyone‚Äôs opinion is critical to making wise unwrekt decisions. Pretty cringey imo Love the show! Never missed an episode and sometimes listen to them twice. Chambers is my fave- however bunch and C are a close second. Best financial advice I ever gotten: ‚Äúdon‚Äôt get REKT‚Äù Just kidding, Bunchu and Chambers bring it each episode! I was personally subbed to 10+ crypto podcasts and now listen to 3 and Rekt survived!
Both of the hosts make it in a majority of the episodes (rare in crypto podcasts)and it's a bonus when Cynthia makes it on. They also have some of the best guests. Hosted by a serial doxxer who threatens people and doxes their kids
Stay away Informative content guys, fun banter, and superb guests! Wasted crypto mom (Cynthia) is something else though. Hah! No shame in her game! She‚Äôs a piece of work! This podcast is an awesome blend of fun and content. Three hosts work well together and have had an awesome guest list so far.  Informative and light hearted. Fun and informative. Great guests and imaginative non crypto games! Back to Black is a top 10 all time album and very slept on",Rekt Podcast,news,they also introduce you to some folks that can actually give you the tools to stop the bleeding and JUST MAYBE develop the proper skills to turn your game around. This podcast is an awesome blend of fun and content. Keep up the great work!,"these folks talk crypto and pressure you every episode into writing a review for their podcast . if you're not the only rekt soul still here, give them a listen ."
83ca8d06d09fa9e1b4804ef85524e981,"Hillary-Marie has an incredible ability to speak on a variety of topics with expertise, gaining my trust as a dancer, dance teacher and business minded person. I look forward to listening to each and every podcast episode and can not wait to see the results of her advice when applied to myself and my students. Absolutely love the insight of this podcast! If you‚Äôre a Tap lover, teacher or dancer, you will enjoy this. Thanks for sharing the love of The Dance! So informative! I love how the episodes are shorter in length.",Lost In The Shuffle,arts-performing-arts,"Absolutely love the insight of this podcast! Thanks for sharing the love of The Dance! Hillary-Marie has an incredible ability to speak on a variety of topics with expertise, gaining my trust as a dancer, dance teacher and business minded person.","Hillary-Marie has an incredible ability to speak on a variety of topics with expertise . she is gaining my trust as a dancer, dance teacher and business minded person ."
896e871d57e86d79ea20f67981ccd759,"Saludos Jose Miguel,
Escuchamos y esperamos semanal tus Podcasts. Gracias por las entrevistas y todo el conocimiento que nos brinda. Un saludo Amarilis y Juan Miguel Soy desarrollador web en una agencia de mercadotecnia digital aqu√≠ en EEUU y estudiante de espa√±ol. Escucho el programa por dos motivos: para practicar el idioma y para mantenerme al d√≠a en cuanto al SEO, al marketing, etc√©tera.  (Digamos que estoy matando dos p√°jaros de un tiro.) 

Me gusta mucho el podcast. Es muy bueno, de muy buena calidad. Voy aprendiendo cosas (y no s√≥lo las cosas que tienen que ver con la gram√°tica, los verbos, y tal). Que siga as√≠. 

Por cierto, me encant√≥ el episodio con Aleyda Sol√≠s. No estar√≠a nada mal volver a escucharla  en el futuro. Creo que tiene un contenido de mucho valor y la producci√≥n de los cap√≠tulos est√° hecha con calidad profesional. Semanalmente espero los podcasts de Jose Miguel, vivo en Rep√∫blica Dominicana y gracias a la tecnologia puedo aprender con Jose Miguel desde Barcelona!! Me encanta c√≥mo conduce las entrevistas y toda la informaci√≥n valiosa que puedes obtener en sus programas! Super recomendado!! Un Podcast que permite conectar con los emprendedores que ya son √©xitosos en Internet. ¬°Gracias por los estupendos contenidos! Excelente programa. Me gusta el hecho de que presenta entrevistas muy interesantes. Me gustar√≠a que a√±adiera episodios m√°s a menudo! Hola Jos√© Miguel mi nombre es Jorge Matus de Miami,gracias por tu labor con este podcast lo considero muy completo,balanceado,manejado de una manera que mantiene interesado al p√∫blico  y con temas y exponentes de alt√≠simo nivel, cualquier persona que se considere emprendedor tiene que escuchar t√∫ podcast. Hola Jos√© Miguel, me gusta tu podcast y c√≥mo van las entrevistas.. me llamo Marvin Garc√≠a te escucho desde El Salvador. Llevo ya un tiempo investigando c√≥mo emprender arrancar un negocio en internet escuche tu podcast hace unas semanas y me encant√≥ se nota que eres un profesional y me motivas a poner mis ideas a la acci√≥n... s√© que es posible pero no logr√≥ focal√°izar lo que quiero hacer... 
""que me aconsejas"" Te felicito por este fabuloso podcast   Y sus maravillosas entrevistas.... Gracias por la motivaci√≥n, estoy pasando por una baja en mi vida y t√∫ postcast es mi fuente de motivaci√≥n. Gracias de todo coraz√≥n, saludos desde New York La entrevista estuva FANTASTICA, cada entrevista que haces es un exito total, llena de informacion valiosa y  practica, no solo es hablar por hablar, aqui aprendes de verdad.
Se despide Shaitan.

P.D.
Te estoy recomendando con mis allegados Jose Miguel , te lo mereces. Imprescindible para todo profesional moderno, no importa a qu√© se dedique. El contenido que nos ofrece Jos√© Miguel en su podcast es muy interesante y variado. Lo que se aprende en las entrevistas es s√∫per √∫til para emprendedores.","Emprendedores Digitales |Marketing Digital, Blogging, Redes Sociales, Marketing Online, Negocios, SEO, blogs, Desarrollo Pers",business-careers,"Hola Jos√© Miguel mi nombre es Jorge Matus de Miami,gracias por tu labor con este podcast lo considero muy completo,balanceado,manejado de una manera que mantiene interesado al p√∫blico  y con temas y exponentes de alt√≠simo nivel, cualquier persona que se considere emprendedor tiene que escuchar t√∫ podcast. Me gusta el hecho de que presenta entrevistas muy interesantes. Gracias por las entrevistas y todo el conocimiento que nos brinda.","esperamos semanal tus Podcasts, Saludos Jose Miguel y Juan Miguel Soy desarrollador web en una agencia de mercadotecnia digital aqu en EEUU y estudiante de espaol."
a33a11a0bf8387ca729adf249c8a98db,Been binge listening to all these podcasts and love them all. Lots of variety and have thoroughly enjoyed them all.,I Crush Barbecue Show,arts-food,Been binge listening to all these podcasts and love them all. Lots of variety and have thoroughly enjoyed them all.,been binge listening to all these podcast
ad319b0e4a6661ae8edab0051f5e6295,"I think it's great you've started a podcast, I've followed your blog for awhile and love all the recipes and tips for healthy eating. Looking forward to more episodes!",Podcast ‚Äì Whole Health Hacks,,"I think it's great you've started a podcast, I've followed your blog for awhile and love all the recipes and tips for healthy eating. Looking forward to more episodes!",I've followed your blog for awhile and love all the recipes
bd1d8a2eef588c1d6be8ff3c2a1ee5c7,"As a big fan of horror, sci-fi, and fiction anthology podcasts, and like media in general, I was really excited to have found this podcast after listening to a couple stories. Really appreciate the brief micro-genre descriptions for each story, wish more anthology podcasts would do that. 

Only thing I think would make this even better is a bit of subtle background music, and/or sounds, to help set the tone and atmosphere during parts of some stories. I‚Äôve only listed to a couple so far though so could be wrong. Either way, really enjoying it! Better than whipping with poison ivy 5/5",Tall Tale TV,fiction,"As a big fan of horror, sci-fi, and fiction anthology podcasts, and like media in general, I was really excited to have found this podcast after listening to a couple stories. Only thing I think would make this even better is a bit of subtle background music, and/or sounds, to help set the tone and atmosphere during parts of some stories. Really appreciate the brief micro-genre descriptions for each story, wish more anthology podcasts would do that.","horror, sci-fi, and fiction anthology podcasts . a bit of subtle background music and/or sounds would make this even better ."
bf406ce64b00a3023064835cb40f5e98,Wonderful job. Keep up the opportunity to learn. Love the content as it is easy to listen to and can be easily put into practice. Each episode gives numerous tips and ideas on how to grow practices and keep up with the changing landscape,New Patient Group‚Ñ¢ (Formally known as the Doctor Diamond Club Podcast),business-entrepreneurship,Keep up the opportunity to learn. Love the content as it is easy to listen to and can be easily put into practice. Each episode gives numerous tips and ideas on how to grow practices and keep up with the changing landscape,each episode gives numerous tips and ideas on how to grow practices and keep up with the changing landscape .
bfbd53e317e7429ffdf6e844fd3d2b39,"I have enjoyed the podcast so far. The episodes have been informative and fun. I find the episodes with the anonymous stories hot and exciting. I‚Äôm looking forward to seeing the podcast continue and evolve. I have thoroughly enjoyed every minute of this podcast I can‚Äôt wait for more episodes. üî•üî•üî•üî• The best! This podcast combines eroticism to get you hot and bothered but also deep, real life advice that can take your primary relationship to a whole new level you never thought possible. Devon will get you out of your ruts, challenge you in a positive way, and despite the title, is full of content for all genders and orientations. Love it! This podcast is awesome. Each episode is eye opening. As a listener, you can really picture the story unfolding. The writing keeps you invested in characters and wanting to see what pleasures await them. üíãüëÇüèº This show has really opened my eyes to a new way of thinking about sex, pleasure, and desire. My beloved and I listen to both the informative episodes and the erotic stories. We learn and play together with this show. Devon has an excellent voice and is fun, interesting, and very smart! I love this podcast! I‚Äôve recommended it to many friends. I always want to hear more about sex and how to keep it exciting and allll that comes with it. Everyone can use some direction in this department and ALWAYS learn more. :-) This isn‚Äôt your kids bedtime stories!  Very erotic and informative works told by a narrated by a very sexy voice.  Adult bedtime will never be the same :) I really like the overall craftsmanship of this podcast! You can hear the time and effort that is taken to make sure each episode thus far is well communicated. The emotional connection is there and the purity behind wanting to express and influence other woman to hold zero shame in their sexuality and self empowerment. Devon provides such an insightful point of view on all things sexual. She isn‚Äôt afraid of the hard topics, and I love her ability to approach both female and male sexuality in a straightforward, fun, and honest way. Love it! Insightful, provocative, and elucidating. Asks the questions we‚Äôre too afraid to ask. Thanks Devon for adding me to your list of Subscribers. Your material gushes with lavish expression of journaled stream of consciousness and episodic adventure; a constant erotic inspiration. Love it.",F*ck Like a Woman,society-culture,"My beloved and I listen to both the informative episodes and the erotic stories. Devon will get you out of your ruts, challenge you in a positive way, and despite the title, is full of content for all genders and orientations. She isn‚Äôt afraid of the hard topics, and I love her ability to approach both female and male sexuality in a straightforward, fun, and honest way.","this podcast combines eroticism to get you hot and bothered but also deep, real life advice that can take your primary relationship to a whole new level you never thought possible . this podcast is awesome. each episode is eye opening ."
d91bc2c145ccdd175aafcc5ad4a3fa57,Varied and interesting,Understanding Human Behavior - Video,science-social-sciences,,Varied and interesting and interesting. .
dbf6afe19c031df6106e684bae43c3eb,"Ilana‚Äôs advice is clear, well organized, easy to understand and based on experience.  She really knows her stuff. I love what Ilana has to share because it always comes from experience. She‚Äôs a pro in this industry.",Talking Web Marketing,business-marketing,"Ilana‚Äôs advice is clear, well organized, easy to understand and based on experience. I love what Ilana has to share because it always comes from experience. She‚Äôs a pro in this industry.","Ilana's advice is clear, well organized, easy to understand and "
dddca7e4ab11211016c84253c9160b69,"The first episode was amazing and I was like consistently saying ‚ÄúSAME‚Äù throughout the episode. Also I thought it was cool that the person is from the IE üó£ I‚Äôm from Pomona so that‚Äôs cool that folks from where I grew up are doing amazing things! Keep doing what you‚Äôre doing, don‚Äôt let anyone bad experience or person(s) keep you from doing what you love WE OUT HERE! I learned so much from the first episode and will continue to listen!  Loved the storytelling, thoughtful interviews, and gorgeous music interspersed throughout. Thank you to the Outside Voices team for this wonderful podcast, looking forward to hearing from you more! This conversation is relevant and I‚Äôm so grateful for all the work and magic that has gone into the creation of this podcast. I can‚Äôt wait to listen to the next episode! The host of this podcast has been doing work to amplify unheard voices and expand inclusion in the outdoor industry for a long time. So excited that this podcast is launching to offer even more representation! So grateful for the launch of some content that centers around getting people to think more about their experience with nature. We often take earth for granted and fail to see our roles as earth stewards, in both small and large, meaningful ways. Excited to hear the conversations on this topic and to continue bringing those ideas into my own! Keep it up please! I‚Äôm so excited about this little corner of the podcastverse! Redefining the narrative and creating an equitable and inclusive outdoors is such an important cause. I‚Äôm so thankful for this podcast and the space it is creating to hear and have these conversations with people who are doing the work. Thank you for this podcast and sharing important stories. These stories are so needed, to open up the image of who enjoys the outdoors and appreciate naturalists of ALL cultures and abilities. Stories are lovely, thoughtfully and ethically told. Can‚Äôt wait for more! Thank you so much. This rocks. A refreshing new podcast that shares stories that we don't always hear in mainstream outlets. Can't wait to hear more! This is storytelling done right! Everyone should feel welcome in outdoor spaces. Thank you for these important stories! This podcast is so needed to share untold stories about the outdoors. I live in Bishop, California (Payahuunad√º, N√º√ºm√º and western Shoshone lands) and saw Sarah at the 2019 pilgrimage. Can‚Äôt wait to listen to upcoming episodes, including the one featuring Manzanar!

I found out about Sarah through the #WontTakeShiftAnymore campaign and was inspired by her work in ethical storytelling. I‚Äôm so glad she‚Äôs expanding her reach with this podcast! Thank you so much for this gift! Outside Voices is currently my favorite podcast. I am so grateful for this podcast. Sarah Shimazaki is an excellent host and curator. I love the outdoors and nature, but outdoor culture is so often disappointing. We need more voices like this. Thank you! This podcast is filling a really important gap in the environmental and outdoor media space, but you should listen because the episodes are super interesting and enjoyable! Thank you for sharing these important stories out into the world! ‚ú®",Outside Voices Podcast,sports-wilderness,Thank you for this podcast and sharing important stories. I‚Äôm so thankful for this podcast and the space it is creating to hear and have these conversations with people who are doing the work. This conversation is relevant and I‚Äôm so grateful for all the work and magic that has gone into the creation of this podcast.,I learned so much from the first episode and will continue listening to the next episode . the host of this podcast has been doing work and magic .
e1ad985875b97ef0cd09118e285fe66d,Really like how he breaks down each fighter with very good details keep up the good work Keeps it real. Knows what he‚Äôs talking about.,Nahh B! Podcast MMA / UFC And Boxing Event Preview & Reviews,music,Really like how he breaks down each fighter with very good details keep up the good work Keeps it real. Knows what he‚Äôs talking about.,really like how he breaks down each fighter with very
e2984116d5ec9faa9710680cb369d88e,"I stumbled upon these podcasts when I was looking for insight into the illustration and concept art industry, I found it and much more. I highly recomend anyone with similar interests check these out, they are at minimum full of uplifting advice for anyone struggling to find their place in such a highly competetive industry. Love this podcast!!! Often listen to episodes while I travel . Really keeps me motivated. Chris Oatley's art cast is all inspirational, informative and helpful as you can get. Every episode gets me excited about all the new information and artists I'm going meet - it's always a very positive journey. So here it is, to keep company while you are alone in your studio - you couldn't get any better. I have been listening to Chris Oatley‚Äôs podcasts (all of them: Artcast, Paper Wings, Stories Unbound.. is that all of them?) and they have really helped me grow as an artist and storyteller. It kept me company during the loneliest and dryest time in my art career and the warm and empathetic hosts felt like my friends. Thanks for continuing to make these, Chris and friends! Chris Oatley‚Äôs podcast and the companion show, Paper Wings, is honestly such a great resource.  Not only does the show provide great, practical advice, ranging from portfolio tips to how to get a job in the industry, the show truly motivates me.  The show encourages you in whatever artistic endeavor you pursue and if you ever need an artistic pick-me-up, just give the podcast a listen.  You won‚Äôt regret it.  Whether you‚Äôre in animation, comic books, visual development, whatever, this show is awesome and helpful. Are you an aspiring artist who works a full time job he hates while working to become a digital artist with the rest of his time? Then listen to these during your lunch break on your iPod. They‚Äôre totally worth keeping up the inspiration! Chris Oatley is the best teacher I know and he really cares about helping artists. I have gotten so much great advice and inspiration from his podcasts. His guests have been awesome also. Keep up the great work Chris! I've already learned so much from this artcast. Probably more than I ever did in my art college. Do yourself a favor and listen to all of these! This podcast's main purpose is to kindle/rekindle your passion to do art. Chris fills it with great information on becoming a better artist as well as inspiring you to get off your duff and do something amazing! I look forward to every episode! Keep it up, Chris! Incredibly insightful advice from a warm heart. As an artist trying to start an illustration career, I'm always looking for new ideas or information to help further my goals.  Look no further.  Chris Oatley brings not only his experience as a Disney visual developer to the conversation but other industrial veterans as well to tell you how it is.  But more importantly, Chis Oatley lets you know you're not alone in your struggles and there are many out there with the same questions you have and tries to answer them all.  Combine this podcast with his online academy ""The Magic Box,"" and you couldn't ask for a better well of knowledge. If you are an artist of any kind, download this right now. Chris brings the big mythical idea of the ""industry"" to you in bite-sized, realistic bits that will both encourage and teach you. Chris also has a real heart for teaching and his passion for art is contagious. Artists now, more than ever, need real hope and that is exactly what you will find. Ahoy

Are you lost in your creative struggle? do you feel ill equipped for the battle with your inner villains and creative walls? Well stop right there!! 

Come inside and rest with The Guru with the Huge Heart! Chris is an amazing person and an otherworldly teacher. If your super powered talents need a recharge and boost then I personally believe that he will be one of the best allies your creative efforts could ever have!!!!

In all seriousness, There are amazing tools and tips that are taught through these podcasts and Chris does an amazing job of also giving hope to we creatives who are struggling with growing our talents and personal careers. 

He has made a great positive impact on my creativity and life and if you follow along, I believe he can help yours too! 

My best to all of you in your journeys to awesomeness! I work as a provisional theme park designer and film animator and I‚Äôm instantly involve with this podcast. I've been listening to this show for years now and am incredibly grateful to Chris for this amazing resource. It has been inspirational, educational, and quite encouraging at times while still being very realistic and honest. The degree to which Chris really sincerely cares about the art community is astounding. Such a great guy. Do give it a listen! I listen to these while working on my projects. Many I listen to more than once. Insight, knowledge, humor, and inspiration literally pours out through the interviews and anecdotes given by Chris Oatley and many other professionals out there. Honestly wouldn‚Äôt be where I am without it. This really is a great podcast. I was blown away by how nearly everything Chris and his guests talked about are things that I had been unsure about, struggling with, or wasn‚Äôt even aware that I was unsure about struggling with. And I was blown even further away by how motivating and reassuring these talks were. 

If you have any interest in anything artistic, I‚Äôd highly recommend giving this podcast a chance. Chris gives awesome insights and great encouragement on the artcast.  This is a fantastic place to check out! This podcast may be aimed at illustrators but it is chockfull of excellent advice, insight and discussions that are applicable to any type of artist.  Chris Oatley is extremely passionate about what he does and it's infectious.  Can't recommend enough. Want to learn? Want to be inspired? Then you've come to the right guy. Brace yourself and get ready to be blown away. I've only just started listening, but unfortunately the message on how to be a good freelancer that's being sold here is that you have to buy what he's selling, and the guests seem to be reading from a script to endorse him. I'll stick around and hope for the best! Pursuing a career in art has never been a clear cut path for me but this podcast always seems to nail the hard questions I‚Äôve always struggled with. I feel like it has put me on a more sensible track in terms of education, networking and work ethic. I don‚Äôt know if the creative world will ever make consistent sense, but I‚Äôm VERY grateful for the clarity this podcast provides. Meaning to write this for a long time- this is my top favorite, top quoted, and most encouraging podcast I listen to while I work. I not only love the subject matter, but I love the show hosts as well. Thank you so much for all your hard work and providing this free resource to everyone. You're the best. I just started listening to the podcast and love it. Not coming from an art background I find a lot of tips and tricks to be very applicable to other creative fields. Definitely worth listening to! Chris Oatley's podcasts are inspirational. He gives you tips to staying on track as an artist. If you are a professional, or long to be, these podcasts will help you. A lot of artists struggle with routine, but routine is extremely important in creating work and completing projects. Even if you just need a push to get started with something you've been dragging your feet on, give a listen. i promise these podcasts will help. I am a fairly new fan of Chris Oatley‚Äôs podcasts and learning materials but what I‚Äôve listened to and learned so far is priceless. Chris shares a wealth of knowledge, not just about art techniques and processes but what it‚Äôs like to actually be an artist. He puts a name and description to many of the more challenging aspects and talks about about how to conquer them: working alone (and how lonely that can be!), finding inspiration, sticking to a project, working through failed projects, doing the painful work of planning‚Ä¶and much more. 

I look forward to listening to all that he has to say and I‚Äôm appreciative of his willingness to share it with the rest of us. And now, off to listen to another podcast! I've been listening for a few years & it's always a great listen. Started listening as a student & I continue listening as a animation professional. Thanks for the effort and great work man! It's been great to hear the topics, advice, and interviews with industry professionals on what works, doesn't work, and everything in between. Great show, Chris. I can't say enough great things about this series. It is so helpful as well as entertaining to hear what professionals have to say about how they got into their respective careers. This is a great series to listen to while working on artwork. It keeps me motivated and gives some much desired insight into the industry. This and papers wings are really good for artists looking to get some practical tips to help there writing and to help pitch it This podcast is amazing at energizing and inspiring the youth in the art industry. It‚Äôs about precisely identifying what artists need to do to get better and how to get there. Chris is very talented at reaching out and motivating you in the best way possible. Give it a listen! I wait intently for new episodes of the Art Cast as well as the Paper Wings show which has now merged over. What's shared is thoughtful, qualified, insightful, and MOST IMPORTANTLY inspiring. There are few other resources in any creative field that motivate one to reach for excellence. Because of the high quality of the show, the Oatley Academy caught my interest, and I've learned more in the first lesson about digital painting than anywhere else, and now I feel empowered. I'm so glad I found this podcast which eventually led me there. Please give an episode that interests you a listen. The actual interviews with working artists in this podcast are GREAT! However, they are bookended with weird segments from the host's students in a very thinly veiled attempt to push his online school. Skip past those weird segments and just dig into the interviews. When you have time for podcast, just tun on this one! I love to draw while listening, it allows to create and learn things at the same time. Highly recommend! This is such a fantastic podcast for anyone interested in art, design, writing, what-have-you. Chris is just such a sweet, humble guy and has so many good thoughts to share. Not only is this podcast fun and informative--it is also clean--so I feel comfortable recommending the podcast to younger artists/art enthusiasts (including my 11 and 16 year old brothers and art students). Chris Oatley has helped me so much with his podcasts and everything else he does to help those interested in the art industry. He is a huge source of inspiration and provides amazing advice and techniques to offer new perspectives and better understandings of many concepts. I look up to him and find myself listening and re-listening to his stories and personal experiences, especially while I paint! Chris Oately shares so much great information on succeeding as a artist. Whether you want to do commercial work, self-publish, freelance, or just get inspired. Chris Oatley has a wealth of information through his experience as a Disney character artist and the interviews he does with great artists and entrepreuners. He askes great questions of his guests and really does provide some great content for artists everywhere! Inspiration abounds in this podcast. Kudos Chris! This thing is FULL of inspiration and information to make your journey fun and much faster! This podcast is for all artists. Sure, some are focused on certain arts, but all the tips and information can apply for all arts from visual, music, and evening writing. Add the fact that Chris Oatley and his guests give you the feel you are right there with them helps delivers the advice even better to others. As a fan of Chris' other podcast and as a aspiring webcomic artist, I'm loving the second dose of artistic affirmation I get from ArtCast. Probably one of the most exceptional art podcasts that you will find, if not THE MOST. Chris Oatley is inspiring to say the least. Chris Oatley's podcast is an indispensable resource for artists who are or are looking to become professional artists. The insight he offers time and time again are immensily helpful in addressing common fears and mistakes that I have personally been battling as an artist. It is a great resource and I can't recommend it enough. This Artcast has changed my LIFE! 

Coming out of college, I was completely clueless and discouraged with my Art Career. I was looking for some kind of guidance to help me take the next step into my passion for creating Art as an Illustrator! After stumbling upon Chris Oatley's insightful Artcast, I felt like I gained a whole new level up motivation. When I listen to each episode, I feel like he's a friend I've known for a while and I'm stoked ot listen to all the advice he has to offer! His communication is so unbelievably clear, insightful, spot-on, direct, creative and I'm constantly learning something new even if I already understand the topic. I'm super thankful for his committment with this Artcast and I will always support his passion for teaching! Thanks Chris! I can't suggest this podcast enough. Chris is an amazing person and one of the most inspirational people I know, and his podcasts are things of legend. He provides hope, wisdom, and drive to help you as an artist or a creator to push yourself and your work to ever-higher levels. 

If you are thinking of subscribing, trust me, do it! This podcast has helped me grow and realize that all things are possible creatively, if your open to the work and diligence it will take to get you where you want to go.  A must have for creative minds. Great topics, great guests. Its only flaw is that Chris‚Äô voice is pretty monotone and I find myself spacing in and out because of it. Regardless, it‚Äôs a podcast well worth your time if you are looking to break into animation. This is one of those perfect podcasts to listen to while you draw and paint. It's well organized, has great interviews, and always inspires me to keep going with art and up my game. Highly recommended. I listen to Chris Oatley‚Äôs Artcast on repeat, yes it‚Äôs that good! The information provided is meant to inspire you as a visual artist, no matter where you are in your artistic journey. Need a good kick in the butt to get going, even more so to finish? This is a must listen to podcast for any creative in the field. This podcast gives excellent professional advice on how to improve your visual storytelling in a concise and clear way while remaining approachable. You can feel the passion for storytelling coming through the speakers and it shows I how valued their lessons are. The Oatley Academy is invaluable!",The Oatley Academy ArtCast,arts-visual-arts,"This and papers wings are really good for artists looking to get some practical tips to help there writing and to help pitch it This podcast is amazing at energizing and inspiring the youth in the art industry. This podcast has helped me grow and realize that all things are possible creatively, if your open to the work and diligence it will take to get you where you want to go. I look forward to listening to all that he has to say and I‚Äôm appreciative of his willingness to share it with the rest of us.","Chris Oatley's art cast is all inspirational, informative and helpful as you can get . every episode gets me excited about all the new information and artists I'm going meet ."
eb64a043bd96db93f3b40c2f4e6b82d7,"Cecil is an amazing artist, and I‚Äôm sure it‚Äôs going to be fun listening in on his thoughts, life, etc. can‚Äôt wait to hear more!",Sketched Out,arts,"Cecil is an amazing artist, and I‚Äôm sure it‚Äôs going to be fun listening in on his thoughts, life, etc. can‚Äôt wait to hear more!","Cecil is an amazing artist, and it's"
ee51458b5f84b18a4a0a324229df0531,"I think a podcast like this is so important right now.  Young people need to talk, hear and learn from each other.  I can't wait to hear the next episode.  And yes, our teachers can be friends, family, and TEACHERS!",Things a Teacher Taught Me,business,"Young people need to talk, hear and learn from each other. I think a podcast like this is so important right now. I can't wait to hear the next episode.","a podcast like this is so important right now . teachers can be friends, family,"
f265df678e7b59214c188ea2df8f6923,"Dillyn and Dani were made for each other. True movie Geeks right here. Dani is a riot. Very funny. I use to keep a box of all my movie stubs as well. Nice show Superbüëåüèª The hosts have a great chemsitry and energy!  They are honest with their opinions and you can tell they are having a blast while recording.  Try them out! Have to give it up to these two hosting a great podcast with really informative reveiws! Not super current with movies but i can rely on this show to tell it like it is!

 Listened to the Deadpool 2 ep and they nailed it and i agree 5/5 great movie! Super binge worthy! Fun hosts! Make sure you subscribe! Each episode has so much to listen to! If you are a fan of movies (and I am) you will love this pod. There is a good blend of mainstream movies and indie favorites. Do yourself a favorite and subscribe to this pod! 

Its nice to have the POV of a man and woman. It creates a more Interesting dynamic than another pod with 2-4 dudes. 

First Reformed was great though, I disagree on that. üòé Dani and Dillyn are really having fun with these movie reviews. Their chemistry is clear and their love of film comes through. When they pair movies that are thematically juxtaposed they are at their best. This is a great movie review podcast. I certainly do not always agree with their opinions which of course if not the point. (Such as their views on Rouge One üòù) This duo gives me perspectives I may not have otherwise considered. Dillyn and Dani make me excited to go to the movies again which is rare for me and excited to rewatch films. Keep the episodes coming. This show is excellent! Perfect for long commutes. Just checked out the Quiet Place/Ready Player One episode and I‚Äôm hooked Dillyn and Dani are funny, insightful, and have good taste in movies. I really enjoy their movie reviews! Who doesn‚Äôt love a movie centered podcast featuring NEW movies that were just out in theaters?! As soon as you see a movie - you want to hear any and all reviews, so give this podcast a listen! Awesome podcast, great hosts! Very dope podcast. Very knowledgeable when it comes to films. This is definitely the right lane for y‚Äôall. Keep up the great work",Last Week at the Movies Podcast,tv-film,Listened to the Deadpool 2 ep and they nailed it and i agree 5/5 great movie! Dillyn and Dani make me excited to go to the movies again which is rare for me and excited to rewatch films. This is a great movie review podcast.,the hosts have a great chemsitry and energy . they are honest with their opinions and you can tell they are having a blast while recording .
f3ad67c699fc4f04d36a3b9c8880cec8,"This show is really picking up steam! With each episode the audio quality, production value, character voices, and most importantly the story telling improves. 

‚ÄúEp 4: Several Small Lies and One Big One‚Äù is a great place for new listeners to jump into the story and immerse themselves in the antics of Vim, Jorell, Cyrus, and Ardyn. They lands being created with the characters in question are mysterious and pull me back for more. Their strong editing and sound design paired with the playful characters round out all the things I need to fall in love with a actual Play podcast. This podcast starts with great quality right off the bat. It's well-edited and sound-designed, and the players are engaging to listen to. The relaxed pace and interesting characters make it a wonderfully immersive podcast to listen to. Candace does a masterful job keeping things moving at a good pace, and you can sense the joy when her players succeed and come up with silly plans. Cyrus is a hilarious crotchety old man, Ardyn is very serious, and Vim and Jorel work very well together. I wish more shows had this good of chemistry and characters! While still young, this podcast is really flexing its muscles in the best way possible. Production and editing is well done and does a great job to immerse listeners. The campaign players created interesting characters, thus designing an interesting chemistry among the group. Even with it being an actual play DnD podcast, I was surprised at how quickly I finished episodes on normal speed. Little Realms has done a wonderful job in spawning a detailed story with a mic and some friends. This is definitely a podcast I‚Äôm excited to listen to, and I‚Äôm sure it will get even better with time. Cyrus Sassafraz makes me giggle. 
Ardyn is so serious that I can't take him serious
And Vim & Jorel are a dynamic duo that I could listen to for days Highly recommend.  Great pace, very fun characters, editing is on point. Very fun, quick, and consumable episodes! Looking forward to more! Never played DnD but very interested now and found it easy to follow along I started listening to actual play pod casts a few months ago and after catching up to my original series I found you guys and I love the pod cast. I love the humor and fun that you all have and it‚Äôs been great. Please keep up the good work!!!",Little Realms | A DnD Actual Play Podcast,leisure,"It's well-edited and sound-designed, and the players are engaging to listen to. The relaxed pace and interesting characters make it a wonderfully immersive podcast to listen to. Production and editing is well done and does a great job to immerse listeners.","""Ep 4: Several Small Lies and One Big One"" is a great place for new listeners to jump into the story and immerse themselves in the antics of Vim, Jorell, Cyrus, and Ardyn . their strong editing and sound design paired with the playful characters round out all the things I need"
f3dffd92d83a30b3e0a8bfa9b96ebee4,"If you want great some details about the float world shot at you like a laser beam, than this podcast is for you.  It‚Äôs all salt this pew pew!  and ozone that pew pew!  It‚Äôs just the best.  They may have the wrong opinion about chat bots but these guys know a bunch about float tanks. I don't know how else to describe it. If you're in the industry you probably already know Graham and Ashkahn. Their grasp on the obscure knowledge in the industry is unrivaled and the fact that they're doing this promises to be fun and awesome. I‚Äôm subscribed on YouTube and I feel like I‚Äôm the only listening on YouTube. Gotta up that subscriber count! The amount of effort for each of your intros, You are deserving of more view counts and subscribers. Cheers!",Daily Solutions Podcast,health-fitness-alternative-health,Their grasp on the obscure knowledge in the industry is unrivaled and the fact that they're doing this promises to be fun and awesome. If you're in the industry you probably already know Graham and Ashkahn. and ozone that pew pew!,the float world is shot at you like a laser beam . it's all salt this pew pew! and ozone . they know a bunch about chat bots .
